{
  "config": {
    "run_name": "exp1_1_K64_L8",
    "out_dir": "./results",
    "seed": 1968644334,
    "bs_train": 128,
    "bs_test": 32,
    "batches": 100,
    "epochs": 100,
    "early_stopping": 3,
    "checkpoints": null,
    "lr": 0.001,
    "reg": 0.001,
    "filters_per_layer": [
      64
    ],
    "pool_every": 2,
    "hidden_dims": [
      1024
    ],
    "ycn": false,
    "kw": {},
    "layers_per_block": 8
  },
  "results": {
    "num_epochs": 6,
    "train_loss": [
      2.303394079208374,
      2.302824020385742,
      2.3027384281158447,
      2.302708387374878,
      2.3027164936065674,
      2.302716016769409
    ],
    "train_acc": [
      9.752,
      9.754,
      9.702,
      9.556,
      9.768,
      9.754
    ],
    "test_loss": [
      2.302729606628418,
      2.302612543106079,
      2.3025994300842285,
      2.302600145339966,
      2.3026039600372314,
      2.3026039600372314
    ],
    "test_acc": [
      10.0,
      10.0,
      10.0,
      10.0,
      10.0,
      10.0
    ]
  }
}