{
  "config": {
    "run_name": "exp1_3_L2_K64-128-256_H100",
    "out_dir": "./results",
    "seed": 816525813,
    "bs_train": 128,
    "bs_test": 32,
    "batches": 100,
    "epochs": 100,
    "early_stopping": 3,
    "checkpoints": null,
    "lr": 0.001,
    "reg": 0.001,
    "filters_per_layer": [
      64,
      128,
      256
    ],
    "pool_every": 2,
    "hidden_dims": [
      100
    ],
    "ycn": false,
    "kw": {},
    "layers_per_block": 2
  },
  "results": {
    "num_epochs": 14,
    "train_loss": [
      1.8387212753295898,
      1.4072237014770508,
      1.1543668508529663,
      0.9989513158798218,
      0.9011707901954651,
      0.8184711933135986,
      0.7543140649795532,
      0.6974509358406067,
      0.6405059099197388,
      0.597482442855835,
      0.5546280741691589,
      0.5260233879089355,
      0.5007931590080261,
      0.4869651794433594
    ],
    "train_acc": [
      31.734,
      48.476,
      58.476,
      64.374,
      68.176,
      71.172,
      73.568,
      75.542,
      77.536,
      79.09,
      80.606,
      81.626,
      82.488,
      82.916
    ],
    "test_loss": [
      1.5614855289459229,
      1.2835583686828613,
      1.1477938890457153,
      0.9806987643241882,
      0.8932659029960632,
      0.826043963432312,
      0.8119181394577026,
      0.7786644697189331,
      0.7411217093467712,
      0.748966634273529,
      0.7050124406814575,
      0.78408282995224,
      0.7414523363113403,
      0.7448243498802185
    ],
    "test_acc": [
      42.27,
      53.91,
      59.06,
      65.17,
      68.67,
      70.96,
      71.65,
      72.63,
      74.15,
      74.6,
      76.51,
      73.23,
      75.06,
      75.09
    ]
  }
}