{
  "config": {
    "run_name": "exp1_1_K64_L16_P8",
    "out_dir": "./results",
    "seed": 551071462,
    "bs_train": 128,
    "bs_test": 32,
    "batches": 100,
    "epochs": 100,
    "early_stopping": 3,
    "checkpoints": null,
    "lr": 0.001,
    "reg": 0.001,
    "filters_per_layer": [
      64
    ],
    "pool_every": 8,
    "hidden_dims": [
      1024
    ],
    "ycn": false,
    "kw": {},
    "layers_per_block": 16
  },
  "results": {
    "num_epochs": 6,
    "train_loss": [
      2.3029019832611084,
      2.3027241230010986,
      2.3027117252349854,
      2.3027312755584717,
      2.3027498722076416,
      2.302741765975952
    ],
    "train_acc": [
      9.762,
      9.704,
      9.534,
      9.64,
      9.69,
      9.48
    ],
    "test_loss": [
      2.302624225616455,
      2.3026039600372314,
      2.302600145339966,
      2.3026039600372314,
      2.302608013153076,
      2.302600860595703
    ],
    "test_acc": [
      10.0,
      10.0,
      10.0,
      10.0,
      10.0,
      10.0
    ]
  }
}