{
  "config": {
    "run_name": "exp1_3_L1_K64-128-256_H100",
    "out_dir": "./results",
    "seed": 1992920457,
    "bs_train": 128,
    "bs_test": 32,
    "batches": 100,
    "epochs": 100,
    "early_stopping": 3,
    "checkpoints": null,
    "lr": 0.001,
    "reg": 0.001,
    "filters_per_layer": [
      64,
      128,
      256
    ],
    "pool_every": 1,
    "hidden_dims": [
      100
    ],
    "ycn": false,
    "kw": {},
    "layers_per_block": 1
  },
  "results": {
    "num_epochs": 12,
    "train_loss": [
      1.6105372905731201,
      1.2264206409454346,
      1.0383751392364502,
      0.9143161773681641,
      0.825740396976471,
      0.7653042674064636,
      0.7118716239929199,
      0.658057451248169,
      0.6178338527679443,
      0.5792596936225891,
      0.555297315120697,
      0.5290831327438354
    ],
    "train_acc": [
      41.198,
      56.516,
      63.436,
      68.158,
      71.448,
      73.592,
      75.524,
      77.362,
      78.61,
      80.034,
      80.828,
      81.694
    ],
    "test_loss": [
      1.3230746984481812,
      1.139289140701294,
      1.0262527465820312,
      0.9167565107345581,
      0.8681029081344604,
      0.8152099847793579,
      0.7796692252159119,
      0.7638226747512817,
      0.7526397705078125,
      0.7622630000114441,
      0.7768946290016174,
      0.7775793075561523
    ],
    "test_acc": [
      51.77,
      60.05,
      64.65,
      68.34,
      70.23,
      72.11,
      73.54,
      74.09,
      74.32,
      74.46,
      74.29,
      74.03
    ]
  }
}