{
  "config": {
    "run_name": "exp1_3_L3_K64-128-256_H100",
    "out_dir": "./results",
    "seed": 1085595525,
    "bs_train": 128,
    "bs_test": 32,
    "batches": 100,
    "epochs": 100,
    "early_stopping": 3,
    "checkpoints": null,
    "lr": 0.001,
    "reg": 0.001,
    "filters_per_layer": [
      64,
      128,
      256
    ],
    "pool_every": 3,
    "hidden_dims": [
      100
    ],
    "ycn": false,
    "kw": {},
    "layers_per_block": 3
  },
  "results": {
    "num_epochs": 13,
    "train_loss": [
      2.3032288551330566,
      2.3029072284698486,
      2.3027827739715576,
      2.3027431964874268,
      2.3027327060699463,
      2.3027255535125732,
      2.3027195930480957,
      2.302711248397827,
      2.30271053314209,
      2.3027191162109375,
      2.3027005195617676,
      2.3026998043060303,
      2.3026978969573975
    ],
    "train_acc": [
      9.854,
      9.75,
      9.806,
      9.684,
      9.666,
      9.698,
      9.708,
      9.558,
      9.702,
      9.586,
      9.636,
      9.696,
      9.658
    ],
    "test_loss": [
      2.302976131439209,
      2.302671432495117,
      2.302621841430664,
      2.3026115894317627,
      2.302607297897339,
      2.3026082515716553,
      2.3025999069213867,
      2.3026018142700195,
      2.3026010990142822,
      2.3025970458984375,
      2.302600383758545,
      2.3026010990142822,
      2.302600860595703
    ],
    "test_acc": [
      10.0,
      10.0,
      10.0,
      10.0,
      10.0,
      10.0,
      10.0,
      10.0,
      10.0,
      10.0,
      10.0,
      10.0,
      10.0
    ]
  }
}