{
  "config": {
    "run_name": "exp1_3_L4_K64-128-256_H100",
    "out_dir": "./results",
    "seed": 1670165554,
    "bs_train": 128,
    "bs_test": 32,
    "batches": 100,
    "epochs": 100,
    "early_stopping": 3,
    "checkpoints": null,
    "lr": 0.001,
    "reg": 0.001,
    "filters_per_layer": [
      64,
      128,
      256
    ],
    "pool_every": 4,
    "hidden_dims": [
      100
    ],
    "ycn": false,
    "kw": {},
    "layers_per_block": 4
  },
  "results": {
    "num_epochs": 13,
    "train_loss": [
      2.302917957305908,
      2.3027474880218506,
      2.302722930908203,
      2.3027024269104004,
      2.3027000427246094,
      2.3027005195617676,
      2.302699327468872,
      2.302699565887451,
      2.3026986122131348,
      2.3027126789093018,
      2.3027467727661133,
      2.302711009979248,
      2.302699089050293
    ],
    "train_acc": [
      9.708,
      9.768,
      9.61,
      9.552,
      9.568,
      9.638,
      9.712,
      9.61,
      9.63,
      9.598,
      9.76,
      9.76,
      9.698
    ],
    "test_loss": [
      2.3026278018951416,
      2.3026130199432373,
      2.3026039600372314,
      2.3026010990142822,
      2.3026015758514404,
      2.3025996685028076,
      2.302600145339966,
      2.3025991916656494,
      2.3025991916656494,
      2.302596092224121,
      2.3026092052459717,
      2.3026041984558105,
      2.3026013374328613
    ],
    "test_acc": [
      10.0,
      10.0,
      10.0,
      10.0,
      10.0,
      10.0,
      10.0,
      10.0,
      10.0,
      10.0,
      10.0,
      10.0,
      10.0
    ]
  }
}