{
  "config": {
    "run_name": "exp1_2_L8_K64_P4",
    "out_dir": "./results",
    "seed": 2020920982,
    "bs_train": 128,
    "bs_test": 32,
    "batches": 100,
    "epochs": 100,
    "early_stopping": 3,
    "checkpoints": null,
    "lr": 0.001,
    "reg": 0.001,
    "filters_per_layer": [
      64
    ],
    "pool_every": 4,
    "hidden_dims": [
      1024
    ],
    "ycn": false,
    "kw": {},
    "layers_per_block": 8
  },
  "results": {
    "num_epochs": 10,
    "train_loss": [
      1.8864200115203857,
      1.4884791374206543,
      1.3110260963439941,
      1.1638833284378052,
      1.0344347953796387,
      0.9304734468460083,
      0.8314444422721863,
      0.7578700184822083,
      0.7004857063293457,
      0.6630908250808716
    ],
    "train_acc": [
      30.586,
      45.62,
      52.642,
      58.03,
      63.002,
      66.766,
      70.696,
      73.232,
      75.25,
      76.592
    ],
    "test_loss": [
      1.5709644556045532,
      1.338792324066162,
      1.2933393716812134,
      1.167506456375122,
      1.230655312538147,
      1.13105046749115,
      1.1102794408798218,
      1.179559588432312,
      1.250443935394287,
      1.1659530401229858
    ],
    "test_acc": [
      42.53,
      51.46,
      54.98,
      59.26,
      59.38,
      62.75,
      63.79,
      62.0,
      61.6,
      62.24
    ]
  }
}