{
  "config": {
    "run_name": "exp1_2_L4_K256",
    "out_dir": "./results",
    "seed": 879102332,
    "bs_train": 128,
    "bs_test": 32,
    "batches": 100,
    "epochs": 100,
    "early_stopping": 3,
    "checkpoints": null,
    "lr": 0.001,
    "reg": 0.001,
    "filters_per_layer": [
      256
    ],
    "pool_every": 2,
    "hidden_dims": [
      1024
    ],
    "ycn": false,
    "kw": {},
    "layers_per_block": 4
  },
  "results": {
    "num_epochs": 8,
    "train_loss": [
      1.662294864654541,
      1.1499314308166504,
      0.9363098740577698,
      0.8045026659965515,
      0.6999192237854004,
      0.6085669994354248,
      0.535678505897522,
      0.4662575423717499
    ],
    "train_acc": [
      39.628,
      58.93,
      67.048,
      71.816,
      75.506,
      78.644,
      81.2,
      83.74
    ],
    "test_loss": [
      1.3503705263137817,
      1.0252364873886108,
      0.9091373682022095,
      0.8995614647865295,
      0.848921000957489,
      0.9039083123207092,
      0.9385210275650024,
      1.0296337604522705
    ],
    "test_acc": [
      51.34,
      63.37,
      68.56,
      69.27,
      71.48,
      70.5,
      70.1,
      70.32
    ]
  }
}