{
  "config": {
    "run_name": "exp1_2_L2_K256",
    "out_dir": "./results",
    "seed": 2126193395,
    "bs_train": 128,
    "bs_test": 32,
    "batches": 100,
    "epochs": 100,
    "early_stopping": 3,
    "checkpoints": null,
    "lr": 0.001,
    "reg": 0.001,
    "filters_per_layer": [
      256
    ],
    "pool_every": 2,
    "hidden_dims": [
      1024
    ],
    "ycn": false,
    "kw": {},
    "layers_per_block": 2
  },
  "results": {
    "num_epochs": 8,
    "train_loss": [
      1.6468313932418823,
      1.2951204776763916,
      1.1752774715423584,
      1.0792033672332764,
      0.995198130607605,
      0.914932131767273,
      0.8368836045265198,
      0.7693549394607544
    ],
    "train_acc": [
      42.174,
      53.664,
      58.252,
      61.76,
      64.816,
      67.938,
      70.538,
      73.142
    ],
    "test_loss": [
      1.3346143960952759,
      1.2390501499176025,
      1.1737377643585205,
      1.1441415548324585,
      1.1257703304290771,
      1.1364470720291138,
      1.1525202989578247,
      1.2062134742736816
    ],
    "test_acc": [
      51.97,
      55.61,
      58.28,
      59.94,
      60.85,
      61.17,
      61.46,
      60.38
    ]
  }
}