{
  "config": {
    "run_name": "exp1_2_L2_K128",
    "out_dir": "./results",
    "seed": 915433338,
    "bs_train": 128,
    "bs_test": 32,
    "batches": 100,
    "epochs": 100,
    "early_stopping": 3,
    "checkpoints": null,
    "lr": 0.001,
    "reg": 0.001,
    "filters_per_layer": [
      128
    ],
    "pool_every": 2,
    "hidden_dims": [
      1024
    ],
    "ycn": false,
    "kw": {},
    "layers_per_block": 2
  },
  "results": {
    "num_epochs": 10,
    "train_loss": [
      1.6391202211380005,
      1.3478933572769165,
      1.231245756149292,
      1.1318154335021973,
      1.0411791801452637,
      0.9606684446334839,
      0.8870618343353271,
      0.8189737796783447,
      0.749101459980011,
      0.6833229064941406
    ],
    "train_acc": [
      41.348,
      51.956,
      56.188,
      59.902,
      63.236,
      66.348,
      68.998,
      71.482,
      74.188,
      76.398
    ],
    "test_loss": [
      1.4074522256851196,
      1.3118940591812134,
      1.2129567861557007,
      1.1585434675216675,
      1.149062991142273,
      1.1307328939437866,
      1.1080880165100098,
      1.1198749542236328,
      1.1807022094726562,
      1.1963790655136108
    ],
    "test_acc": [
      48.93,
      53.59,
      56.85,
      59.03,
      59.77,
      60.71,
      61.76,
      61.84,
      61.46,
      61.91
    ]
  }
}