{
  "config": {
    "run_name": "exp1_2_L4_K128",
    "out_dir": "./results",
    "seed": 1822056155,
    "bs_train": 128,
    "bs_test": 32,
    "batches": 100,
    "epochs": 100,
    "early_stopping": 3,
    "checkpoints": null,
    "lr": 0.001,
    "reg": 0.001,
    "filters_per_layer": [
      128
    ],
    "pool_every": 2,
    "hidden_dims": [
      1024
    ],
    "ycn": false,
    "kw": {},
    "layers_per_block": 4
  },
  "results": {
    "num_epochs": 8,
    "train_loss": [
      1.5706782341003418,
      1.1178698539733887,
      0.9256130456924438,
      0.7986465692520142,
      0.6919825077056885,
      0.6042957901954651,
      0.5153225660324097,
      0.4643692374229431
    ],
    "train_acc": [
      42.782,
      59.982,
      67.128,
      71.876,
      75.758,
      78.914,
      82.164,
      83.642
    ],
    "test_loss": [
      1.2796742916107178,
      1.0411121845245361,
      0.9096229076385498,
      0.9063164591789246,
      0.8460732102394104,
      0.866611659526825,
      0.9376695156097412,
      1.098671555519104
    ],
    "test_acc": [
      54.51,
      63.85,
      67.68,
      69.1,
      71.32,
      71.43,
      70.81,
      68.54
    ]
  }
}