{
  "config": {
    "run_name": "exp1_1_K32_L16",
    "out_dir": "./results",
    "seed": 373886994,
    "bs_train": 128,
    "bs_test": 32,
    "batches": 100,
    "epochs": 100,
    "early_stopping": 3,
    "checkpoints": null,
    "lr": 0.001,
    "reg": 0.001,
    "filters_per_layer": [
      32
    ],
    "pool_every": 4,
    "hidden_dims": [
      1024
    ],
    "ycn": false,
    "kw": {},
    "layers_per_block": 16
  },
  "results": {
    "num_epochs": 10,
    "train_loss": [
      2.3037238121032715,
      2.3029208183288574,
      2.3027517795562744,
      2.3027255535125732,
      2.302710771560669,
      2.302711009979248,
      2.3027045726776123,
      2.3027079105377197,
      2.3027095794677734,
      2.3027119636535645
    ],
    "train_acc": [
      9.594,
      9.866,
      9.732,
      9.714,
      9.596,
      9.576,
      9.602,
      9.634,
      9.624,
      9.622
    ],
    "test_loss": [
      2.3029026985168457,
      2.3026537895202637,
      2.3026137351989746,
      2.3026044368743896,
      2.3026018142700195,
      2.3026015758514404,
      2.3025996685028076,
      2.3026039600372314,
      2.302604913711548,
      2.3026022911071777
    ],
    "test_acc": [
      10.0,
      10.0,
      10.0,
      10.0,
      10.0,
      10.0,
      10.0,
      10.0,
      10.0,
      10.0
    ]
  }
}