{
  "config": {
    "run_name": "exp1_2_L4_K64",
    "out_dir": "./results",
    "seed": 400543193,
    "bs_train": 128,
    "bs_test": 32,
    "batches": 100,
    "epochs": 100,
    "early_stopping": 3,
    "checkpoints": null,
    "lr": 0.001,
    "reg": 0.001,
    "filters_per_layer": [
      64
    ],
    "pool_every": 2,
    "hidden_dims": [
      1024
    ],
    "ycn": false,
    "kw": {},
    "layers_per_block": 4
  },
  "results": {
    "num_epochs": 8,
    "train_loss": [
      1.6092101335525513,
      1.2076325416564941,
      1.0152256488800049,
      0.8742166757583618,
      0.7588315010070801,
      0.6694022417068481,
      0.591056227684021,
      0.5278381109237671
    ],
    "train_acc": [
      41.234,
      56.912,
      63.9,
      69.078,
      73.53,
      76.562,
      79.216,
      81.512
    ],
    "test_loss": [
      1.2842382192611694,
      1.102218747138977,
      0.9974324107170105,
      0.9580127596855164,
      0.9211936593055725,
      0.9238539338111877,
      1.0160249471664429,
      1.0597013235092163
    ],
    "test_acc": [
      53.52,
      60.44,
      65.0,
      66.89,
      68.81,
      68.91,
      67.5,
      68.68
    ]
  }
}