{
  "config": {
    "run_name": "exp1_2_L8_K128_P4",
    "out_dir": "./results",
    "seed": 2122042738,
    "bs_train": 128,
    "bs_test": 32,
    "batches": 100,
    "epochs": 100,
    "early_stopping": 3,
    "checkpoints": null,
    "lr": 0.001,
    "reg": 0.001,
    "filters_per_layer": [
      128
    ],
    "pool_every": 4,
    "hidden_dims": [
      1024
    ],
    "ycn": false,
    "kw": {},
    "layers_per_block": 8
  },
  "results": {
    "num_epochs": 11,
    "train_loss": [
      1.8896335363388062,
      1.4547150135040283,
      1.2272706031799316,
      1.0459182262420654,
      0.89860600233078,
      0.7855412364006042,
      0.7035499811172485,
      0.6403084397315979,
      0.5806113481521606,
      0.5243123769760132,
      0.4753529131412506
    ],
    "train_acc": [
      30.054,
      47.328,
      55.902,
      62.832,
      68.23,
      72.546,
      75.4,
      77.444,
      79.06,
      81.288,
      82.99
    ],
    "test_loss": [
      1.5433189868927002,
      1.3025448322296143,
      1.1489784717559814,
      1.0346553325653076,
      1.0037013292312622,
      1.0187042951583862,
      0.9876018762588501,
      0.9584774374961853,
      1.0340290069580078,
      1.3064380884170532,
      1.260873556137085
    ],
    "test_acc": [
      43.8,
      53.53,
      59.49,
      63.67,
      65.75,
      66.77,
      68.23,
      68.94,
      67.68,
      62.15,
      64.66
    ]
  }
}