{
  "config": {
    "run_name": "exp1_1_K64_L4",
    "out_dir": "./results",
    "seed": 1158161933,
    "bs_train": 128,
    "bs_test": 32,
    "batches": 100,
    "epochs": 100,
    "early_stopping": 3,
    "checkpoints": null,
    "lr": 0.001,
    "reg": 0.001,
    "filters_per_layer": [
      64
    ],
    "pool_every": 2,
    "hidden_dims": [
      1024
    ],
    "ycn": false,
    "kw": {},
    "layers_per_block": 4
  },
  "results": {
    "num_epochs": 10,
    "train_loss": [
      1.5832513570785522,
      1.1325362920761108,
      0.9525668621063232,
      0.8360974788665771,
      0.7470522522926331,
      0.6649885773658752,
      0.5751753449440002,
      0.5118705630302429,
      0.4634164571762085,
      0.41713079810142517
    ],
    "train_acc": [
      42.0,
      59.536,
      66.184,
      70.368,
      73.762,
      76.738,
      80.05,
      82.232,
      83.662,
      85.29
    ],
    "test_loss": [
      1.2308531999588013,
      1.023390531539917,
      0.9390130639076233,
      0.889118492603302,
      0.8915923833847046,
      0.8857819437980652,
      0.8686138987541199,
      0.9197056293487549,
      1.011488676071167,
      1.0686031579971313
    ],
    "test_acc": [
      56.48,
      63.78,
      66.93,
      68.77,
      69.04,
      70.51,
      71.25,
      71.75,
      70.43,
      70.0
    ]
  }
}