{
  "config": {
    "run_name": "exp1_1_K32_L4",
    "out_dir": "./results",
    "seed": 977225813,
    "bs_train": 128,
    "bs_test": 32,
    "batches": 100,
    "epochs": 100,
    "early_stopping": 3,
    "checkpoints": null,
    "lr": 0.001,
    "reg": 0.001,
    "filters_per_layer": [
      32
    ],
    "pool_every": 2,
    "hidden_dims": [
      1024
    ],
    "ycn": false,
    "kw": {},
    "layers_per_block": 4
  },
  "results": {
    "num_epochs": 8,
    "train_loss": [
      1.7297176122665405,
      1.3010345697402954,
      1.11088228225708,
      0.9782101511955261,
      0.8758566975593567,
      0.7886090874671936,
      0.7139045596122742,
      0.6391270756721497
    ],
    "train_acc": [
      36.66,
      53.386,
      60.356,
      65.306,
      69.202,
      72.318,
      74.912,
      77.694
    ],
    "test_loss": [
      1.4779181480407715,
      1.1579036712646484,
      1.0594696998596191,
      1.002196192741394,
      0.9420562386512756,
      0.9624278545379639,
      0.9948453307151794,
      0.9852694272994995
    ],
    "test_acc": [
      46.89,
      58.75,
      62.67,
      64.88,
      66.89,
      67.21,
      66.41,
      67.29
    ]
  }
}