{
  "config": {
    "run_name": "exp1_1_K64_L8_P4",
    "out_dir": "./results",
    "seed": 971647905,
    "bs_train": 128,
    "bs_test": 32,
    "batches": 100,
    "epochs": 100,
    "early_stopping": 3,
    "checkpoints": null,
    "lr": 0.001,
    "reg": 0.001,
    "filters_per_layer": [
      64
    ],
    "pool_every": 4,
    "hidden_dims": [
      1024
    ],
    "ycn": false,
    "kw": {},
    "layers_per_block": 8
  },
  "results": {
    "num_epochs": 8,
    "train_loss": [
      1.8049088716506958,
      1.4444432258605957,
      1.2663661241531372,
      1.1082147359848022,
      0.9821546077728271,
      0.8851373195648193,
      0.7941870093345642,
      0.7331071496009827
    ],
    "train_acc": [
      33.922,
      47.682,
      54.684,
      60.536,
      65.402,
      68.876,
      72.098,
      74.156
    ],
    "test_loss": [
      1.5134135484695435,
      1.3179558515548706,
      1.2229423522949219,
      1.1618908643722534,
      1.1489598751068115,
      1.1852959394454956,
      1.2690397500991821,
      1.3715145587921143
    ],
    "test_acc": [
      45.11,
      53.18,
      56.35,
      60.42,
      62.23,
      60.22,
      58.14,
      56.06
    ]
  }
}