{
  "config": {
    "run_name": "exp1_2_L8_K32_P4",
    "out_dir": "./results",
    "seed": 2142455484,
    "bs_train": 128,
    "bs_test": 32,
    "batches": 100,
    "epochs": 100,
    "early_stopping": 3,
    "checkpoints": null,
    "lr": 0.001,
    "reg": 0.001,
    "filters_per_layer": [
      32
    ],
    "pool_every": 4,
    "hidden_dims": [
      1024
    ],
    "ycn": false,
    "kw": {},
    "layers_per_block": 8
  },
  "results": {
    "num_epochs": 8,
    "train_loss": [
      2.302968740463257,
      2.302762031555176,
      2.3027141094207764,
      2.3027167320251465,
      2.3027210235595703,
      2.302730083465576,
      2.3027291297912598,
      2.3027215003967285
    ],
    "train_acc": [
      9.794,
      9.668,
      9.548,
      9.556,
      9.62,
      9.608,
      9.442,
      9.598
    ],
    "test_loss": [
      2.3026299476623535,
      2.3026013374328613,
      2.3026020526885986,
      2.302602529525757,
      2.3026010990142822,
      2.3026018142700195,
      2.302605152130127,
      2.3026018142700195
    ],
    "test_acc": [
      10.0,
      10.0,
      10.0,
      10.0,
      10.0,
      10.0,
      10.0,
      10.0
    ]
  }
}