{
  "config": {
    "run_name": "exp1_1_K64_L2",
    "out_dir": "./results",
    "seed": 652641945,
    "bs_train": 128,
    "bs_test": 32,
    "batches": 100,
    "epochs": 100,
    "early_stopping": 3,
    "checkpoints": null,
    "lr": 0.001,
    "reg": 0.001,
    "filters_per_layer": [
      64
    ],
    "pool_every": 2,
    "hidden_dims": [
      1024
    ],
    "ycn": false,
    "kw": {},
    "layers_per_block": 2
  },
  "results": {
    "num_epochs": 9,
    "train_loss": [
      1.606122612953186,
      1.2975023984909058,
      1.198259711265564,
      1.1036821603775024,
      1.0136970281600952,
      0.9313191175460815,
      0.8651861548423767,
      0.7947204113006592,
      0.7332229018211365
    ],
    "train_acc": [
      41.824,
      53.626,
      57.328,
      60.76,
      64.112,
      67.274,
      69.728,
      72.496,
      74.876
    ],
    "test_loss": [
      1.3611189126968384,
      1.2487571239471436,
      1.1589462757110596,
      1.1052799224853516,
      1.0740470886230469,
      1.0690994262695312,
      1.1044509410858154,
      1.0884631872177124,
      1.1423789262771606
    ],
    "test_acc": [
      51.76,
      55.76,
      59.17,
      61.24,
      62.55,
      62.84,
      62.42,
      62.77,
      62.16
    ]
  }
}