{
  "config": {
    "run_name": "exp1_2_L8_K256_P4",
    "out_dir": "./results",
    "seed": 1282752061,
    "bs_train": 128,
    "bs_test": 32,
    "batches": 100,
    "epochs": 100,
    "early_stopping": 3,
    "checkpoints": null,
    "lr": 0.001,
    "reg": 0.001,
    "filters_per_layer": [
      256
    ],
    "pool_every": 4,
    "hidden_dims": [
      1024
    ],
    "ycn": false,
    "kw": {},
    "layers_per_block": 8
  },
  "results": {
    "num_epochs": 5,
    "train_loss": [
      2.3030552864074707,
      2.302701711654663,
      2.302704334259033,
      2.30271577835083,
      2.3027305603027344
    ],
    "train_acc": [
      9.602,
      9.648,
      9.588,
      9.786,
      9.598
    ],
    "test_loss": [
      2.3026018142700195,
      2.3025994300842285,
      2.302600622177124,
      2.3026018142700195,
      2.3026227951049805
    ],
    "test_acc": [
      10.0,
      10.0,
      10.0,
      10.0,
      10.0
    ]
  }
}