{
  "config": {
    "run_name": "exp1_1_K32_L2",
    "out_dir": "./results",
    "seed": 165155389,
    "bs_train": 128,
    "bs_test": 32,
    "batches": 100,
    "epochs": 100,
    "early_stopping": 3,
    "checkpoints": null,
    "lr": 0.001,
    "reg": 0.001,
    "filters_per_layer": [
      32
    ],
    "pool_every": 2,
    "hidden_dims": [
      1024
    ],
    "ycn": false,
    "kw": {},
    "layers_per_block": 2
  },
  "results": {
    "num_epochs": 9,
    "train_loss": [
      1.477597951889038,
      1.1515923738479614,
      1.0254846811294556,
      0.9401220083236694,
      0.8692485094070435,
      0.7975291013717651,
      0.7390920519828796,
      0.685896635055542,
      0.6258244514465332
    ],
    "train_acc": [
      47.092,
      59.222,
      63.948,
      67.04,
      69.494,
      72.194,
      74.25,
      76.09,
      78.366
    ],
    "test_loss": [
      1.2012110948562622,
      1.0455317497253418,
      0.9976540207862854,
      0.9480422735214233,
      0.9162037968635559,
      0.8951750993728638,
      0.9117876291275024,
      0.93035888671875,
      0.9467296600341797
    ],
    "test_acc": [
      57.73,
      63.67,
      65.49,
      67.2,
      68.12,
      68.75,
      68.59,
      68.48,
      68.65
    ]
  }
}