{
  "config": {
    "run_name": "exp1_1_K64_L16",
    "out_dir": "./results",
    "seed": 1366192282,
    "bs_train": 128,
    "bs_test": 32,
    "batches": 100,
    "epochs": 100,
    "early_stopping": 3,
    "checkpoints": null,
    "lr": 0.001,
    "reg": 0.001,
    "filters_per_layer": [
      64
    ],
    "pool_every": 4,
    "hidden_dims": [
      1024
    ],
    "ycn": false,
    "kw": {},
    "layers_per_block": 16
  },
  "results": {
    "num_epochs": 7,
    "train_loss": [
      2.3033370971679688,
      2.302809238433838,
      2.30273175239563,
      2.302706718444824,
      2.3027117252349854,
      2.3027102947235107,
      2.3027095794677734
    ],
    "train_acc": [
      9.754,
      9.774,
      9.726,
      9.462,
      9.554,
      9.616,
      9.692
    ],
    "test_loss": [
      2.3027000427246094,
      2.3026089668273926,
      2.302600860595703,
      2.302597761154175,
      2.302600860595703,
      2.3026061058044434,
      2.302603006362915
    ],
    "test_acc": [
      10.0,
      10.0,
      10.0,
      10.0,
      10.0,
      10.0,
      10.0
    ]
  }
}