{
  "config": {
    "run_name": "exp1_2_L4_K32",
    "out_dir": "./results",
    "seed": 1511183536,
    "bs_train": 128,
    "bs_test": 32,
    "batches": 100,
    "epochs": 100,
    "early_stopping": 3,
    "checkpoints": null,
    "lr": 0.001,
    "reg": 0.001,
    "filters_per_layer": [
      32
    ],
    "pool_every": 2,
    "hidden_dims": [
      1024
    ],
    "ycn": false,
    "kw": {},
    "layers_per_block": 4
  },
  "results": {
    "num_epochs": 10,
    "train_loss": [
      1.6732792854309082,
      1.290279507637024,
      1.1332504749298096,
      1.0162545442581177,
      0.9216689467430115,
      0.8378832936286926,
      0.7579776644706726,
      0.6763190031051636,
      0.5990654230117798,
      0.5383291840553284
    ],
    "train_acc": [
      38.758,
      53.604,
      59.622,
      64.092,
      67.494,
      70.4,
      73.34,
      76.306,
      79.116,
      81.296
    ],
    "test_loss": [
      1.3510152101516724,
      1.1800185441970825,
      1.0923904180526733,
      1.0322829484939575,
      0.9762300848960876,
      0.965809166431427,
      0.9634371995925903,
      0.9773703813552856,
      1.064375877380371,
      1.1307761669158936
    ],
    "test_acc": [
      50.75,
      58.01,
      61.41,
      63.67,
      65.9,
      66.42,
      66.7,
      67.36,
      66.49,
      65.9
    ]
  }
}