{
  "config": {
    "run_name": "exp1_2_L2_K32",
    "out_dir": "./results",
    "seed": 172041890,
    "bs_train": 128,
    "bs_test": 32,
    "batches": 100,
    "epochs": 100,
    "early_stopping": 3,
    "checkpoints": null,
    "lr": 0.001,
    "reg": 0.001,
    "filters_per_layer": [
      32
    ],
    "pool_every": 2,
    "hidden_dims": [
      1024
    ],
    "ycn": false,
    "kw": {},
    "layers_per_block": 2
  },
  "results": {
    "num_epochs": 11,
    "train_loss": [
      1.5576602220535278,
      1.2252612113952637,
      1.0963220596313477,
      0.9978766441345215,
      0.9108957052230835,
      0.8318504691123962,
      0.7674306035041809,
      0.7018516063690186,
      0.6323143839836121,
      0.5695412158966064,
      0.5312073230743408
    ],
    "train_acc": [
      43.694,
      56.172,
      61.036,
      64.802,
      68.082,
      70.932,
      73.244,
      75.714,
      78.232,
      80.71,
      81.794
    ],
    "test_loss": [
      1.2814985513687134,
      1.1296021938323975,
      1.0643787384033203,
      1.0204640626907349,
      0.9964184165000916,
      0.9758554100990295,
      0.9724432826042175,
      0.9681711196899414,
      1.0130478143692017,
      1.049765706062317,
      1.1432664394378662
    ],
    "test_acc": [
      54.21,
      59.97,
      62.43,
      64.13,
      65.04,
      66.39,
      66.69,
      67.14,
      66.49,
      65.99,
      65.47
    ]
  }
}