{
  "config": {
    "run_name": "exp1_1_K32_L8",
    "out_dir": "./results",
    "seed": 1070161935,
    "bs_train": 128,
    "bs_test": 32,
    "batches": 100,
    "epochs": 100,
    "early_stopping": 3,
    "checkpoints": null,
    "lr": 0.001,
    "reg": 0.001,
    "filters_per_layer": [
      32
    ],
    "pool_every": 2,
    "hidden_dims": [
      1024
    ],
    "ycn": false,
    "kw": {},
    "layers_per_block": 8
  },
  "results": {
    "num_epochs": 7,
    "train_loss": [
      2.303701162338257,
      2.3029305934906006,
      2.302769899368286,
      2.3027141094207764,
      2.302715301513672,
      2.302708387374878,
      2.3027217388153076
    ],
    "train_acc": [
      9.532,
      9.904,
      9.78,
      9.774,
      9.694,
      9.724,
      9.742
    ],
    "test_loss": [
      2.3029403686523438,
      2.302647113800049,
      2.3026044368743896,
      2.302598237991333,
      2.302607297897339,
      2.302603006362915,
      2.3026046752929688
    ],
    "test_acc": [
      10.0,
      10.0,
      10.0,
      10.0,
      10.0,
      10.0,
      10.0
    ]
  }
}