{
  "config": {
    "run_name": "exp1_2_L2_K64",
    "out_dir": "./results",
    "seed": 1882233688,
    "bs_train": 128,
    "bs_test": 32,
    "batches": 100,
    "epochs": 100,
    "early_stopping": 3,
    "checkpoints": null,
    "lr": 0.001,
    "reg": 0.001,
    "filters_per_layer": [
      64
    ],
    "pool_every": 2,
    "hidden_dims": [
      1024
    ],
    "ycn": false,
    "kw": {},
    "layers_per_block": 2
  },
  "results": {
    "num_epochs": 9,
    "train_loss": [
      1.6294201612472534,
      1.2772175073623657,
      1.1587438583374023,
      1.065688133239746,
      0.9872167110443115,
      0.9140210747718811,
      0.8425078392028809,
      0.7697153687477112,
      0.700043261051178
    ],
    "train_acc": [
      41.024,
      54.376,
      58.908,
      62.446,
      65.402,
      68.106,
      70.486,
      73.226,
      75.974
    ],
    "test_loss": [
      1.3467086553573608,
      1.1934080123901367,
      1.130942463874817,
      1.0859832763671875,
      1.0648339986801147,
      1.0546009540557861,
      1.083475947380066,
      1.0734107494354248,
      1.106123447418213
    ],
    "test_acc": [
      51.56,
      57.68,
      59.87,
      61.44,
      62.63,
      63.26,
      62.79,
      63.67,
      63.35
    ]
  }
}