{
  "config": {
    "run_name": "exp2_L2_K64-128-256-512",
    "out_dir": "./results",
    "seed": 670722324,
    "bs_train": 128,
    "bs_test": 32,
    "batches": 100,
    "epochs": 100,
    "early_stopping": 3,
    "checkpoints": null,
    "lr": 0.001,
    "reg": 0.001,
    "filters_per_layer": [
      64,
      128,
      256,
      512
    ],
    "pool_every": 2,
    "hidden_dims": [
      100
    ],
    "ycn": true,
    "kw": {},
    "layers_per_block": 2
  },
  "results": {
    "num_epochs": 10,
    "train_loss": [
      1.2572078704833984,
      0.840679943561554,
      0.6999579668045044,
      0.6080986261367798,
      0.5386568903923035,
      0.48329997062683105,
      0.4326273202896118,
      0.38519996404647827,
      0.35016152262687683,
      0.31608855724334717
    ],
    "train_acc": [
      54.248,
      70.422,
      75.48,
      78.844,
      81.22,
      83.566,
      85.154,
      86.838,
      87.902,
      89.102
    ],
    "test_loss": [
      1.0476455688476562,
      1.0169552564620972,
      0.8497804999351501,
      0.8645299077033997,
      0.7818627953529358,
      0.8588169813156128,
      0.7044983506202698,
      0.8622692823410034,
      0.7781043648719788,
      0.8124417066574097
    ],
    "test_acc": [
      62.37,
      65.5,
      71.15,
      71.0,
      73.57,
      72.87,
      77.16,
      74.8,
      76.52,
      75.74
    ]
  }
}