{
  "config": {
    "run_name": "exp2_L3_K64-128-256-512",
    "out_dir": "./results",
    "seed": 152602373,
    "bs_train": 128,
    "bs_test": 32,
    "batches": 100,
    "epochs": 100,
    "early_stopping": 3,
    "checkpoints": null,
    "lr": 0.001,
    "reg": 0.001,
    "filters_per_layer": [
      64,
      128,
      256,
      512
    ],
    "pool_every": 3,
    "hidden_dims": [
      100
    ],
    "ycn": true,
    "kw": {},
    "layers_per_block": 3
  },
  "results": {
    "num_epochs": 11,
    "train_loss": [
      1.4544520378112793,
      1.0222833156585693,
      0.8461464643478394,
      0.740651547908783,
      0.6555595397949219,
      0.5898321866989136,
      0.5287075638771057,
      0.47819674015045166,
      0.43858325481414795,
      0.4014014005661011,
      0.3701035678386688
    ],
    "train_acc": [
      45.54,
      63.142,
      70.168,
      74.46,
      77.75,
      80.192,
      82.336,
      84.008,
      85.458,
      86.586,
      87.538
    ],
    "test_loss": [
      1.1688156127929688,
      1.096497893333435,
      0.9238574504852295,
      0.8688173890113831,
      0.9872623682022095,
      0.8509908318519592,
      0.7644656300544739,
      0.6449808478355408,
      0.8397150635719299,
      0.6574394106864929,
      0.7022069692611694
    ],
    "test_acc": [
      58.33,
      61.39,
      68.18,
      70.7,
      67.99,
      72.49,
      74.19,
      78.2,
      73.73,
      79.13,
      78.33
    ]
  }
}