{
  "config": {
    "run_name": "exp2_L1_K64-128-256-512",
    "out_dir": "./results",
    "seed": 213730884,
    "bs_train": 128,
    "bs_test": 32,
    "batches": 100,
    "epochs": 100,
    "early_stopping": 3,
    "checkpoints": null,
    "lr": 0.001,
    "reg": 0.001,
    "filters_per_layer": [
      64,
      128,
      256,
      512
    ],
    "pool_every": 2,
    "hidden_dims": [
      100
    ],
    "ycn": true,
    "kw": {},
    "layers_per_block": 1
  },
  "results": {
    "num_epochs": 7,
    "train_loss": [
      1.881677269935608,
      1.0360939502716064,
      0.8173873424530029,
      0.7166556715965271,
      0.6433739066123962,
      0.5858809947967529,
      0.5341106057167053
    ],
    "train_acc": [
      38.314,
      62.994,
      71.126,
      74.752,
      77.348,
      79.676,
      81.52
    ],
    "test_loss": [
      1.2726023197174072,
      1.2537392377853394,
      1.0138368606567383,
      0.8002628087997437,
      0.8415641188621521,
      0.9269602298736572,
      0.8525997996330261
    ],
    "test_acc": [
      55.04,
      58.37,
      65.27,
      71.95,
      71.96,
      69.4,
      71.76
    ]
  }
}