{
  "config": {
    "run_name": "exp2_L4_K64-128-256-512",
    "out_dir": "./results",
    "seed": 2015966855,
    "bs_train": 128,
    "bs_test": 32,
    "batches": 100,
    "epochs": 100,
    "early_stopping": 3,
    "checkpoints": null,
    "lr": 0.001,
    "reg": 0.001,
    "filters_per_layer": [
      64,
      128,
      256,
      512
    ],
    "pool_every": 4,
    "hidden_dims": [
      100
    ],
    "ycn": true,
    "kw": {},
    "layers_per_block": 4
  },
  "results": {
    "num_epochs": 18,
    "train_loss": [
      1.7677218914031982,
      1.3154579401016235,
      1.0959804058074951,
      0.9631569981575012,
      0.8712124824523926,
      0.7781298756599426,
      0.6978810429573059,
      0.6237582564353943,
      0.5659753084182739,
      0.5096196532249451,
      0.47310736775398254,
      0.44025009870529175,
      0.40675029158592224,
      0.38399139046669006,
      0.3586095869541168,
      0.3394012153148651,
      0.319638192653656,
      0.30265092849731445
    ],
    "train_acc": [
      30.5,
      51.394,
      60.342,
      65.832,
      69.404,
      73.316,
      76.116,
      78.946,
      81.044,
      83.024,
      84.092,
      85.408,
      86.496,
      87.276,
      88.14,
      88.808,
      89.52,
      90.016
    ],
    "test_loss": [
      1.7460922002792358,
      1.3848166465759277,
      1.2060611248016357,
      1.2670866250991821,
      1.1067379713058472,
      1.092590570449829,
      0.9021100401878357,
      0.8151414394378662,
      0.7567196488380432,
      0.8305399417877197,
      0.6746618151664734,
      0.7975911498069763,
      0.7071259021759033,
      0.6742604970932007,
      0.6519631743431091,
      0.7094454169273376,
      0.6664085984230042,
      0.720546543598175
    ],
    "test_acc": [
      34.42,
      46.99,
      56.46,
      55.07,
      61.07,
      62.44,
      69.52,
      73.21,
      74.97,
      73.69,
      78.21,
      75.67,
      77.9,
      78.78,
      79.56,
      78.47,
      79.77,
      78.82
    ]
  }
}